{
  "sharpe_ratio": 0.25279009011713754,
  "max_drawdown": -0.03657129769627685,
  "hedge_effectiveness": 0.4763941539103438
}